Qty,Value,Device,Package,Parts,Description
1,,AUDIO-8P-SMD'PJ-3536-L6S',8P-3.5-SMD,J3,
2,,HEADER-2P-65/35MIL,2P-2.54-65/35MIL,"L-CH, R-CH",
1,0,R-0603,R0603,R4,
1,100nF,C-0603,C0603,C6,Ceramic Capacitors
1,10uF,C-0603,C0603,C7,Ceramic Capacitors
3,1K,R-0603,R0603,"R1, R2, R3",
1,1pF,C-0603,C0603,C5,Ceramic Capacitors
4,1uF,C-0603,C0603,"C1, C2, C3, C4",Ceramic Capacitors
1,22K,R-0603,R0603,R7,
1,4.7K,R-0603,R0603,R6,
1,GREEN,LED'0805',LED-0805,D1,
1,KT403A,KT403A,SSOP24,U1,
1,SD Card,HOLDER-MICROSD-9P,9P-SMD-W/-RING,J6,
1,TWIG_2.0,TWIG_2.0,2.0_1X4,U2,
